Disks,Time(seconds)
2,0.000000
3,0.000000
4,0.000000
5,0.000000
6,0.000000
7,0.000000
8,0.000000
9,0.000000
10,0.000000
11,0.000000
12,0.000000
13,0.000000
14,0.000000
15,0.000000
16,0.000000
17,0.000000
18,0.000000
19,0.000000
20,0.000000
21,0.006000
22,0.002000
23,0.014000
24,0.028000
25,0.049000
26,0.096000
27,0.209000
28,0.409000
29,0.777000
30,1.555000
31,3.141000
32,6.161000
33,12.284000
34,24.838000
35,49.658000
36,107.547000
37,300.197000
38,614.502000
39,1055.136000
40,2048.000000


